{
  "beta_true_norm": [
    0.5,
    0.2,
    -0.5,
    0.5
  ],
  "flow_bias": [
    -0.00575327444139484,
    -0.0026365539389014148,
    -1.2703564261142397,
    0.697662657438918
  ],
  "flow_rmse": [
    0.015262583888020665,
    0.044663645832986786,
    1.2712478890466958,
    0.6988711645849773
  ],
  "probit_bias": [
    -0.025698849437910343,
    -0.012573109776716912,
    -0.74669367839966,
    0.20148885481697865
  ],
  "probit_rmse": [
    0.028034219903922533,
    0.043892551871727706,
    0.7470206335033953,
    0.20228625316261337
  ],
  "logit_bias": [
    -0.041763022853457454,
    -0.02129470445077028,
    -0.7014641949011646,
    0.16886320366365581
  ],
  "logit_rmse": [
    0.04337171147941643,
    0.04586834255754204,
    0.7018361655926091,
    0.169708058684046
  ]
}