{
  "beta_true_norm": [
    0.5,
    0.2,
    -0.5,
    0.5
  ],
  "flow_bias": [
    0.027182997892127525,
    -0.02773731768439089,
    -1.3996595139676011,
    0.7394852148374218
  ],
  "flow_rmse": [
    0.10587722239466317,
    0.10101931910403136,
    1.4017182073532157,
    0.7427507271290688
  ],
  "probit_bias": [
    0.0007196756895285761,
    -0.0032152376217575995,
    -0.7826741321465913,
    0.2020224896354187
  ],
  "probit_rmse": [
    0.09933467876823902,
    0.08403364076958546,
    0.7840331112443163,
    0.2046434033705049
  ],
  "logit_bias": [
    -0.023792074097560012,
    -0.01412468876070222,
    -0.7376543366719155,
    0.16813416293767225
  ],
  "logit_rmse": [
    0.09151325254585196,
    0.08420564703472169,
    0.7391503121780842,
    0.17050443142698843
  ]
}