{
  "beta_true_norm": [
    0.5,
    0.2,
    -0.5,
    0.5
  ],
  "flow_bias": [
    -0.003998647738306549,
    0.009428366171120028,
    -1.2691309009145617,
    0.6938500070552667
  ],
  "flow_rmse": [
    0.0970248243747988,
    0.06104079965930464,
    1.2731305636154773,
    0.7016105494834795
  ],
  "probit_bias": [
    -0.006194808771075533,
    -0.004155567831917423,
    -0.7628232323011892,
    0.20185815267787555
  ],
  "probit_rmse": [
    0.09556651962014827,
    0.06484300131735578,
    0.7643248640982212,
    0.20797421459698834
  ],
  "logit_bias": [
    -0.026247584043885663,
    -0.012592100225400776,
    -0.7171541470595144,
    0.16788456636503235
  ],
  "logit_rmse": [
    0.09251356426199027,
    0.06228808277783293,
    0.7187167309838746,
    0.17437134121010886
  ]
}